{"cameraMode":{"drawMode":0,"name":"Shaded","section":"Shading Mode"},"sceneLighting":true,"audioPlay":false,"sceneViewState":{"showFog":true,"showMaterialUpdate":false,"showSkybox":true,"showFlares":true,"showImageEffects":true,"showParticleSystems":true},"in2DMode":false,"pivot":{"x":36.62269592285156,"y":1.0255308151245118,"z":37.871803283691409},"rotation":{"x":-0.005286114756017923,"y":0.954203724861145,"z":-0.29863378405570986,"w":-0.016890665516257287},"size":10.77802562713623,"orthographic":false}